{
    "torque_down": {
        "intercept": -47.1790103733741,
        "alpha": 0.1,
        "parameters": {
            "beamALength": {
                "1": 1.1064818913815782
            },
            "beamCLength": {
                "1": -0.5985860876930609,
                "2": 0.005642888291788326
            },
            "thetaDeg": {
                "1": 0.7158776872514226,
                "2": -0.0026438142584291847
            },
            "tendonThickness": {
                "1": 12.949117385373789,
                "2": 0.15153373884685264
            },
            "tendonWidth": {
                "1": 12.020463735072171,
                "2": -0.8652175975396437
            },
            "hingeLength": {
                "-1": 2.3469036682908486,
                "-2": 4.490419075046993
            },
            "hingeThickness": {
                "1": -1.3709225781940662,
                "2": 2.2049527513498877
            }
        },
        "gradients": {
            "beamALength": {
                "coefficients": [
                    1.1064818913815782
                ],
                "alpha": 0.1
            },
            "beamCLength": {
                "coefficients": [
                    -0.5985860876930609,
                    0.011285776583576651
                ],
                "alpha": 0.1
            },
            "thetaDeg": {
                "coefficients": [
                    0.7158776872514226,
                    -0.005287628516858369
                ],
                "alpha": 0.1
            },
            "tendonThickness": {
                "coefficients": [
                    12.949117385373789,
                    0.3030674776937053
                ],
                "alpha": 0.1
            },
            "tendonWidth": {
                "coefficients": [
                    12.020463735072171,
                    -1.7304351950792873
                ],
                "alpha": 0.1
            },
            "hingeLength": {
                "coefficients": [
                    2.3469036682908486,
                    8.980838150093986
                ],
                "alpha": 0.1
            },
            "hingeThickness": {
                "coefficients": [
                    -1.3709225781940662,
                    4.409905502699775
                ],
                "alpha": 0.1
            }
        }
    },
    "torque_up": {
        "intercept": 29.2791549108124,
        "alpha": 0.1,
        "parameters": {
            "beamALength": {
                "1": -1.398603311531722,
                "2": 0.015985967244119374
            },
            "beamCLength": {
                "1": 0.13688348404744843
            },
            "thetaDeg": {
                "1": -0.17780396642162735,
                "2": -0.005968377723930757
            },
            "tendonThickness": {
                "1": -6.545194996794551,
                "2": -4.475592680416612,
                "3": 2.377609696239722
            },
            "tendonWidth": {
                "1": -10.451360063556546,
                "2": 1.9636690624400812,
                "3": -0.08686478497229677
            },
            "hingeLength": {
                "-1": 6.999729010715124,
                "-2": 11.217814081567607,
                "-3": 13.169169915076889
            },
            "hingeThickness": {
                "1": -2.9967998822926996,
                "2": 8.531013618379715
            }
        },
        "gradients": {
            "beamALength": {
                "coefficients": [
                    -1.398603311531722,
                    0.03197193448823875
                ],
                "alpha": 0.1
            },
            "beamCLength": {
                "coefficients": [
                    0.13688348404744843
                ],
                "alpha": 0.1
            },
            "thetaDeg": {
                "coefficients": [
                    -0.17780396642162735,
                    -0.011936755447861514
                ],
                "alpha": 0.1
            },
            "tendonThickness": {
                "coefficients": [
                    -6.545194996794551,
                    -8.951185360833223,
                    7.132829088719166
                ],
                "alpha": 0.1
            },
            "tendonWidth": {
                "coefficients": [
                    -10.451360063556546,
                    3.9273381248801624,
                    -0.2605943549168903
                ],
                "alpha": 0.1
            },
            "hingeLength": {
                "coefficients": [
                    6.999729010715124,
                    22.435628163135213,
                    39.507509745230664
                ],
                "alpha": 0.1
            },
            "hingeThickness": {
                "coefficients": [
                    -2.9967998822926996,
                    17.06202723675943
                ],
                "alpha": 0.1
            }
        }
    }
}