{
    "timestamp": "20250928_170918",
    "geometry_vals": {
        "beamA": 44.20893220634791,
        "beamC": 44.20893220634791,
        "theta": 30.0,
        "tendonThickness": 1.0,
        "tendonWidth": 2.0,
        "hingeLength": 2.0,
        "hingeThickness": 0.4,
        "beamB": 25,
        "hingeWidth": 2.0
    },
    "torqueDown": 65.18393675298636,
    "torqueUp": -27.18052298645579,
    "model_file": "model_20250928_170918.xml"
}