{
    "timestamp": "20250928_180242",
    "geometry_vals": {
        "beamA": 44.208894052888475,
        "beamC": 44.208894052888475,
        "theta": 30.0,
        "tendonThickness": 1.0,
        "tendonWidth": 2.0,
        "hingeLength": 2.0,
        "hingeThickness": 0.4,
        "beamB": 25,
        "hingeWidth": 2.0
    },
    "torqueDown": 65.18384772521895,
    "torqueUp": -27.18048245366161,
    "model_file": "model_20250928_180242.xml"
}