{
    "timestamp": "20250928_174037",
    "geometry_vals": {
        "beamA": 44.208936489865785,
        "beamC": 44.208936489865785,
        "theta": 30.0,
        "tendonThickness": 1.0,
        "tendonWidth": 2.0,
        "hingeLength": 2.0,
        "hingeThickness": 0.4,
        "beamB": 25,
        "hingeWidth": 2.0
    },
    "torqueDown": 65.18394674797777,
    "torqueUp": -27.180527537104958,
    "model_file": "model_20250928_174037.xml"
}