{
    "timestamp": "20250406_032742",
    "geometry_vals": {
        "beamA": 27.912022437534386,
        "beamC": 49.99980055518354,
        "theta": 15.0,
        "tendonThickness": 1.3213213690227943,
        "tendonWidth": 2.8062242467357743,
        "hingeLength": 2.46187266041662,
        "hingeThickness": 0.7338511079902753,
        "beamB": 25,
        "hingeWidth": 2.0
    },
    "torqueDown": 28.312696667147307,
    "torqueUp": -5.295215490305364,
    "model_file": "model_20250406_032742.xml"
}