{
    "timestamp": "20250928_175234",
    "geometry_vals": {
        "beamA": 44.20892836288142,
        "beamC": 44.20892836288142,
        "theta": 30.0,
        "tendonThickness": 1.0,
        "tendonWidth": 2.0,
        "hingeLength": 2.0,
        "hingeThickness": 0.4,
        "beamB": 25,
        "hingeWidth": 2.0
    },
    "torqueDown": 65.18392778479344,
    "torqueUp": -27.180518903300655,
    "model_file": "model_20250928_175234.xml"
}