{
    "timestamp": "20250928_172522",
    "geometry_vals": {
        "beamA": 44.20892840177786,
        "beamC": 44.20892840177786,
        "theta": 30.0,
        "tendonThickness": 1.0,
        "tendonWidth": 2.0,
        "hingeLength": 2.0,
        "hingeThickness": 0.4,
        "beamB": 25,
        "hingeWidth": 2.0
    },
    "torqueDown": 65.18392787353632,
    "torqueUp": -27.18051894462272,
    "model_file": "model_20250928_172522.xml"
}