{
    "timestamp": "20250928_180016",
    "geometry_vals": {
        "beamA": 44.208943558138465,
        "beamC": 44.208943558138465,
        "theta": 30.0,
        "tendonThickness": 1.0,
        "tendonWidth": 2.0,
        "hingeLength": 2.0,
        "hingeThickness": 0.4,
        "beamB": 25,
        "hingeWidth": 2.0
    },
    "torqueDown": 65.18396324080733,
    "torqueUp": -27.18053504617441,
    "model_file": "model_20250928_180016.xml"
}