{
    "timestamp": "20250928_174719",
    "geometry_vals": {
        "beamA": 44.20893045799392,
        "beamC": 44.20893045799392,
        "theta": 30.0,
        "tendonThickness": 1.0,
        "tendonWidth": 2.0,
        "hingeLength": 2.0,
        "hingeThickness": 0.4,
        "beamB": 25,
        "hingeWidth": 2.0
    },
    "torqueDown": 65.18393267142976,
    "torqueUp": -27.18052112906968,
    "model_file": "model_20250928_174719.xml"
}