{
    "timestamp": "20250928_170946",
    "geometry_vals": {
        "beamA": 44.208913175796184,
        "beamC": 44.208913175796184,
        "theta": 30.0,
        "tendonThickness": 1.0,
        "tendonWidth": 2.0,
        "hingeLength": 2.0,
        "hingeThickness": 0.4,
        "beamB": 25,
        "hingeWidth": 2.0
    },
    "torqueDown": 65.1838923478551,
    "torqueUp": -27.18050276911298,
    "model_file": "model_20250928_170946.xml"
}