{
    "timestamp": "20250928_173456",
    "geometry_vals": {
        "beamA": 44.20893758541394,
        "beamC": 44.20893758541394,
        "theta": 30.0,
        "tendonThickness": 1.0,
        "tendonWidth": 2.0,
        "hingeLength": 2.0,
        "hingeThickness": 0.4,
        "beamB": 25,
        "hingeWidth": 2.0
    },
    "torqueDown": 65.18394930428688,
    "torqueUp": -27.180528700974417,
    "model_file": "model_20250928_173456.xml"
}