{
    "timestamp": "20250928_174625",
    "geometry_vals": {
        "beamA": 44.20883960666878,
        "beamC": 44.20883960666878,
        "theta": 30.0,
        "tendonThickness": 1.0,
        "tendonWidth": 2.0,
        "hingeLength": 2.0,
        "hingeThickness": 0.4,
        "beamB": 25,
        "hingeWidth": 2.0
    },
    "torqueDown": 65.18372068267492,
    "torqueUp": -27.180424612101955,
    "model_file": "model_20250928_174625.xml"
}