{
    "timestamp": "20250928_172225",
    "geometry_vals": {
        "beamA": 44.20874230974902,
        "beamC": 44.20874230974902,
        "theta": 30.0,
        "tendonThickness": 1.0,
        "tendonWidth": 2.0,
        "hingeLength": 2.0,
        "hingeThickness": 0.4,
        "beamB": 25,
        "hingeWidth": 2.0
    },
    "torqueDown": 65.18349365432279,
    "torqueUp": -27.18032124775476,
    "model_file": "model_20250928_172225.xml"
}