{
    "timestamp": "20250928_170424",
    "geometry_vals": {
        "beamA": 44.208959496887594,
        "beamC": 44.208959496887594,
        "theta": 30.0,
        "tendonThickness": 1.0,
        "tendonWidth": 2.0,
        "hingeLength": 2.0,
        "hingeThickness": 0.4,
        "beamB": 25,
        "hingeWidth": 2.0
    },
    "torqueDown": 65.18400043166467,
    "torqueUp": -27.180551978910977,
    "model_file": "model_20250928_170424.xml"
}