{
    "timestamp": "20250928_174350",
    "geometry_vals": {
        "beamA": 44.20892763126788,
        "beamC": 44.20892763126788,
        "theta": 30.0,
        "tendonThickness": 1.0,
        "tendonWidth": 2.0,
        "hingeLength": 2.0,
        "hingeThickness": 0.4,
        "beamB": 25,
        "hingeWidth": 2.0
    },
    "torqueDown": 65.18392607565919,
    "torqueUp": -27.180518126061855,
    "model_file": "model_20250928_174350.xml"
}