{
    "timestamp": "20250928_172957",
    "geometry_vals": {
        "beamA": 44.208930379159774,
        "beamC": 44.208930379159774,
        "theta": 30.0,
        "tendonThickness": 1.0,
        "tendonWidth": 2.0,
        "hingeLength": 2.0,
        "hingeThickness": 0.4,
        "beamB": 25,
        "hingeWidth": 2.0
    },
    "torqueDown": 65.18393248949836,
    "torqueUp": -27.18052104531927,
    "model_file": "model_20250928_172957.xml"
}