{
    "timestamp": "20250928_171029",
    "geometry_vals": {
        "beamA": 44.20895634306992,
        "beamC": 44.20895634306992,
        "theta": 30.0,
        "tendonThickness": 1.0,
        "tendonWidth": 2.0,
        "hingeLength": 2.0,
        "hingeThickness": 0.4,
        "beamB": 25,
        "hingeWidth": 2.0
    },
    "torqueDown": 65.18399307065077,
    "torqueUp": -27.18054862841087,
    "model_file": "model_20250928_171029.xml"
}