{
    "timestamp": "20250928_170742",
    "geometry_vals": {
        "beamA": 44.20882444169177,
        "beamC": 44.20882444169177,
        "theta": 30.0,
        "tendonThickness": 1.0,
        "tendonWidth": 2.0,
        "hingeLength": 2.0,
        "hingeThickness": 0.4,
        "beamB": 25,
        "hingeWidth": 2.0
    },
    "torqueDown": 65.18368529736483,
    "torqueUp": -27.180408501426644,
    "model_file": "model_20250928_170742.xml"
}