{
    "timestamp": "20250928_173216",
    "geometry_vals": {
        "beamA": 44.2089048403239,
        "beamC": 44.2089048403239,
        "theta": 30.0,
        "tendonThickness": 1.0,
        "tendonWidth": 2.0,
        "hingeLength": 2.0,
        "hingeThickness": 0.4,
        "beamB": 25,
        "hingeWidth": 2.0
    },
    "torqueDown": 65.1838728982,
    "torqueUp": -27.180493913822588,
    "model_file": "model_20250928_173216.xml"
}